{
  "accuracy": [
    0.5709143280982971,
    0.9211663007736206,
    0.9830813407897949,
    0.9964002966880798,
    0.997840166091919,
    0.9985601305961609,
    0.9974802136421204,
    0.9956803321838379,
    0.997120201587677,
    1.0,
    1.0,
    0.9996400475502014,
    1.0,
    1.0,
    1.0,
    1.0,
    1.0,
    1.0,
    1.0
  ],
  "loss": [
    0.9923292398452759,
    0.25118279457092285,
    0.06429155170917511,
    0.022356191650032997,
    0.013565954752266407,
    0.009159536100924015,
    0.008776435628533363,
    0.018779469653964043,
    0.011864733882248402,
    0.0028669610619544983,
    0.0029469153378158808,
    0.002728494815528393,
    0.001869870233349502,
    0.0012965359492227435,
    0.0010406464571133256,
    0.0010768795618787408,
    0.0008773687877692282,
    0.0009331997716799378,
    0.000947699008975178
  ],
  "val_accuracy": [
    0.73072749376297,
    0.8490771055221558,
    0.8555917739868164,
    0.8631922006607056,
    0.8870792388916016,
    0.8849077224731445,
    0.8545059561729431,
    0.8664495348930359,
    0.8805646300315857,
    0.8849077224731445,
    0.8794788122177124,
    0.8751357197761536,
    0.8827361464500427,
    0.8816503882408142,
    0.8838219046592712,
    0.8881650567054749,
    0.8903365731239319,
    0.8892508149147034,
    0.8914223909378052
  ],
  "val_loss": [
    0.6527552604675293,
    0.40070176124572754,
    0.4057379961013794,
    0.43565306067466736,
    0.37450912594795227,
    0.38022056221961975,
    0.4819280505180359,
    0.4415493905544281,
    0.37058886885643005,
    0.36200568079948425,
    0.3663475513458252,
    0.378704696893692,
    0.3564879298210144,
    0.350043922662735,
    0.35465899109840393,
    0.35156700015068054,
    0.35422489047050476,
    0.35282793641090393,
    0.3520826995372772
  ],
  "learning_rate": [
    9.999999747378752e-05,
    9.999999747378752e-05,
    9.999999747378752e-05,
    9.999999747378752e-05,
    9.999999747378752e-05,
    9.999999747378752e-05,
    9.999999747378752e-05,
    9.999999747378752e-05,
    2.9999999242136255e-05,
    2.9999999242136255e-05,
    2.9999999242136255e-05,
    2.9999999242136255e-05,
    2.9999999242136255e-05,
    2.9999999242136255e-05,
    2.9999999242136255e-05,
    2.9999999242136255e-05,
    2.9999999242136255e-05,
    8.999999408842996e-06,
    8.999999408842996e-06
  ],
  "model": "ResNet50",
  "stage": "dcgan",
  "epochs": [
    1,
    2,
    3,
    4,
    5,
    6,
    7,
    8,
    9,
    10,
    11,
    12,
    13,
    14,
    15,
    16,
    17,
    18,
    19
  ]
}