{
  "accuracy": [
    0.605107307434082,
    0.9004440903663635,
    0.984455943107605,
    0.9951887726783752,
    0.9977794289588928,
    0.9966691136360168,
    0.998889684677124,
    0.9992598295211792,
    1.0
  ],
  "loss": [
    0.9347675442695618,
    0.27731505036354065,
    0.07540732622146606,
    0.026674611493945122,
    0.012754513882100582,
    0.01313877198845148,
    0.009002091363072395,
    0.005178282503038645,
    0.0031668595038354397
  ],
  "val_accuracy": [
    0.6634093523025513,
    0.7524430155754089,
    0.8327904343605042,
    0.8458197712898254,
    0.8382193446159363,
    0.8447340130805969,
    0.8599348664283752,
    0.8566775321960449,
    0.8555917739868164
  ],
  "val_loss": [
    0.8205680847167969,
    0.7115731239318848,
    0.43936389684677124,
    0.402642160654068,
    0.4612012207508087,
    0.4740782380104065,
    0.4347149133682251,
    0.4334217309951782,
    0.4335835874080658
  ],
  "learning_rate": [
    9.999999747378752e-05,
    9.999999747378752e-05,
    9.999999747378752e-05,
    9.999999747378752e-05,
    9.999999747378752e-05,
    9.999999747378752e-05,
    9.999999747378752e-05,
    2.9999999242136255e-05,
    2.9999999242136255e-05
  ],
  "model": "ResNet50",
  "stage": "baseline",
  "epochs": [
    1,
    2,
    3,
    4,
    5,
    6,
    7,
    8,
    9
  ]
}