{
  "accuracy": [
    0.3941524922847748,
    0.4581791162490845,
    0.481495201587677,
    0.4648408591747284,
    0.6017764806747437,
    0.6384159922599792,
    0.6680237054824829,
    0.6776461601257324,
    0.7172464728355408,
    0.7531458139419556,
    0.7764618992805481,
    0.7908956408500671,
    0.8397483229637146,
    0.8571428656578064,
    0.9022945761680603
  ],
  "loss": [
    1.3773066997528076,
    1.2593551874160767,
    1.125866174697876,
    1.1151989698410034,
    0.8563936948776245,
    0.7649094462394714,
    0.7196449041366577,
    0.6761056184768677,
    0.6155914068222046,
    0.5441532731056213,
    0.4897215664386749,
    0.4666369557380676,
    0.38181909918785095,
    0.3394828140735626,
    0.2487206757068634
  ],
  "val_accuracy": [
    0.45819762349128723,
    0.33767643570899963,
    0.2508143186569214,
    0.4657980501651764,
    0.5450597405433655,
    0.5287730693817139,
    0.5765472054481506,
    0.5917481184005737,
    0.6590662598609924,
    0.6612377762794495,
    0.6948968768119812,
    0.6959826350212097,
    0.723127007484436,
    0.732899010181427,
    0.7643865346908569
  ],
  "val_loss": [
    1.2180744409561157,
    1.509545087814331,
    1.4836369752883911,
    1.2463994026184082,
    1.06239914894104,
    0.9888995289802551,
    0.9982025623321533,
    0.9071426391601562,
    0.8502049446105957,
    0.8222177028656006,
    0.7352163791656494,
    0.7681809067726135,
    0.68207186460495,
    0.7423158884048462,
    0.675564706325531
  ],
  "learning_rate": [
    9.999999747378752e-05,
    9.999999747378752e-05,
    9.999999747378752e-05,
    9.999999747378752e-05,
    2.9999999242136255e-05,
    2.9999999242136255e-05,
    2.9999999242136255e-05,
    2.9999999242136255e-05,
    2.9999999242136255e-05,
    2.9999999242136255e-05,
    2.9999999242136255e-05,
    2.9999999242136255e-05,
    2.9999999242136255e-05,
    2.9999999242136255e-05,
    2.9999999242136255e-05
  ],
  "model": "VGG16",
  "stage": "baseline",
  "epochs": [
    1,
    2,
    3,
    4,
    5,
    6,
    7,
    8,
    9,
    10,
    11,
    12,
    13,
    14,
    15
  ]
}