{
  "accuracy": [
    0.2512598931789398,
    0.32829374074935913,
    0.47804176807403564,
    0.5385169386863708,
    0.6105111837387085,
    0.6727861762046814,
    0.7595392465591431,
    0.8232541680335999,
    0.849172055721283,
    0.8801295757293701,
    0.9074873924255371,
    0.9395248293876648,
    0.9442044496536255,
    0.957883358001709,
    0.9632829427719116,
    0.9748020172119141,
    0.9935204982757568,
    0.9974802136421204,
    0.9996400475502014,
    0.9996400475502014
  ],
  "loss": [
    1.6370503902435303,
    1.4236634969711304,
    1.1860275268554688,
    1.0174237489700317,
    0.8489108085632324,
    0.7328543663024902,
    0.5798003077507019,
    0.4352489411830902,
    0.39298349618911743,
    0.29664161801338196,
    0.24365578591823578,
    0.1545233130455017,
    0.14908744394779205,
    0.11992120742797852,
    0.10920893400907516,
    0.08149028569459915,
    0.02029412053525448,
    0.00959053449332714,
    0.002914596349000931,
    0.0021189856342971325
  ],
  "val_accuracy": [
    0.25624319911003113,
    0.44733986258506775,
    0.5407165884971619,
    0.5852334499359131,
    0.640608012676239,
    0.7003257274627686,
    0.6970683932304382,
    0.8121606707572937,
    0.7926167249679565,
    0.7394136786460876,
    0.8512486219406128,
    0.8002171516418457,
    0.8686210513114929,
    0.815418004989624,
    0.8610206246376038,
    0.8675352931022644,
    0.885993480682373,
    0.9044516682624817,
    0.9033659100532532,
    0.8990228176116943
  ],
  "val_loss": [
    1.570023536682129,
    1.2750164270401,
    1.13510000705719,
    0.9413447976112366,
    0.8735741376876831,
    0.7978215217590332,
    0.7367215156555176,
    0.5951820015907288,
    0.6031298637390137,
    0.695660412311554,
    0.4834352731704712,
    0.624513566493988,
    0.4539351463317871,
    0.7459328174591064,
    0.46169498562812805,
    0.4970836341381073,
    0.46105149388313293,
    0.4511655867099762,
    0.47160717844963074,
    0.48184534907341003
  ],
  "learning_rate": [
    9.999999747378752e-05,
    9.999999747378752e-05,
    9.999999747378752e-05,
    9.999999747378752e-05,
    9.999999747378752e-05,
    9.999999747378752e-05,
    9.999999747378752e-05,
    9.999999747378752e-05,
    9.999999747378752e-05,
    9.999999747378752e-05,
    9.999999747378752e-05,
    9.999999747378752e-05,
    9.999999747378752e-05,
    9.999999747378752e-05,
    9.999999747378752e-05,
    9.999999747378752e-05,
    2.9999999242136255e-05,
    2.9999999242136255e-05,
    2.9999999242136255e-05,
    2.9999999242136255e-05
  ],
  "model": "VGG16",
  "stage": "dcgan",
  "epochs": [
    1,
    2,
    3,
    4,
    5,
    6,
    7,
    8,
    9,
    10,
    11,
    12,
    13,
    14,
    15,
    16,
    17,
    18,
    19,
    20
  ]
}