{
  "model": "VGG16",
  "stage": "dcgan",
  "accuracy": 0.9074,
  "precision": 0.9082,
  "f1_score": 0.9073,
  "classification_report": {
    "Blackheads": {
      "precision": 0.9511278195488722,
      "recall": 0.9547169811320755,
      "f1-score": 0.9529190207156308,
      "support": 265.0
    },
    "Cyst": {
      "precision": 0.9234972677595629,
      "recall": 0.8941798941798942,
      "f1-score": 0.9086021505376344,
      "support": 189.0
    },
    "Papules": {
      "precision": 0.8743455497382199,
      "recall": 0.8267326732673267,
      "f1-score": 0.8498727735368957,
      "support": 202.0
    },
    "Pustules": {
      "precision": 0.8513513513513513,
      "recall": 0.9219512195121952,
      "f1-score": 0.8852459016393442,
      "support": 205.0
    },
    "Whiteheads": {
      "precision": 0.9821428571428571,
      "recall": 0.9649122807017544,
      "f1-score": 0.9734513274336283,
      "support": 57.0
    },
    "accuracy": 0.9074074074074074,
    "macro avg": {
      "precision": 0.9164929691081726,
      "recall": 0.9124986097586492,
      "f1-score": 0.9140182347726267,
      "support": 918.0
    },
    "weighted avg": {
      "precision": 0.9081882643990182,
      "recall": 0.9074074074074074,
      "f1-score": 0.9072829876857194,
      "support": 918.0
    }
  },
  "confusion_matrix": [
    [
      253,
      2,
      5,
      5,
      0
    ],
    [
      0,
      169,
      15,
      5,
      0
    ],
    [
      4,
      7,
      167,
      23,
      1
    ],
    [
      8,
      5,
      3,
      189,
      0
    ],
    [
      1,
      0,
      1,
      0,
      55
    ]
  ]
}