{
  "model": "ResNet50",
  "stage": "baseline",
  "accuracy": 0.8617,
  "precision": 0.8627,
  "f1_score": 0.8615,
  "classification_report": {
    "Blackheads": {
      "precision": 0.9407114624505929,
      "recall": 0.8981132075471698,
      "f1-score": 0.918918918918919,
      "support": 265.0
    },
    "Cyst": {
      "precision": 0.855,
      "recall": 0.9047619047619048,
      "f1-score": 0.8791773778920309,
      "support": 189.0
    },
    "Papules": {
      "precision": 0.7947368421052632,
      "recall": 0.7475247524752475,
      "f1-score": 0.7704081632653061,
      "support": 202.0
    },
    "Pustules": {
      "precision": 0.8073394495412844,
      "recall": 0.8585365853658536,
      "f1-score": 0.8321513002364066,
      "support": 205.0
    },
    "Whiteheads": {
      "precision": 0.9649122807017544,
      "recall": 0.9649122807017544,
      "f1-score": 0.9649122807017544,
      "support": 57.0
    },
    "accuracy": 0.8616557734204793,
    "macro avg": {
      "precision": 0.872540006959779,
      "recall": 0.8747697461703859,
      "f1-score": 0.8731136082028834,
      "support": 918.0
    },
    "weighted avg": {
      "precision": 0.8626633625388167,
      "recall": 0.8616557734204793,
      "f1-score": 0.8615375854718546,
      "support": 918.0
    }
  },
  "confusion_matrix": [
    [
      238,
      4,
      14,
      9,
      0
    ],
    [
      3,
      171,
      12,
      3,
      0
    ],
    [
      8,
      13,
      151,
      30,
      0
    ],
    [
      3,
      12,
      12,
      176,
      2
    ],
    [
      1,
      0,
      1,
      0,
      55
    ]
  ]
}