{
  "model": "VGG16",
  "stage": "baseline",
  "accuracy": 0.7919,
  "precision": 0.8111,
  "f1_score": 0.7939,
  "classification_report": {
    "Blackheads": {
      "precision": 0.9224806201550387,
      "recall": 0.8981132075471698,
      "f1-score": 0.9101338432122371,
      "support": 265.0
    },
    "Cyst": {
      "precision": 0.9629629629629629,
      "recall": 0.6878306878306878,
      "f1-score": 0.8024691358024691,
      "support": 189.0
    },
    "Papules": {
      "precision": 0.6751269035532995,
      "recall": 0.6584158415841584,
      "f1-score": 0.6666666666666666,
      "support": 202.0
    },
    "Pustules": {
      "precision": 0.6477272727272727,
      "recall": 0.8341463414634146,
      "f1-score": 0.7292110874200426,
      "support": 205.0
    },
    "Whiteheads": {
      "precision": 0.859375,
      "recall": 0.9649122807017544,
      "f1-score": 0.9090909090909091,
      "support": 57.0
    },
    "accuracy": 0.7919389978213508,
    "macro avg": {
      "precision": 0.8135345518797148,
      "recall": 0.808683671825437,
      "f1-score": 0.8035143284384649,
      "support": 918.0
    },
    "weighted avg": {
      "precision": 0.8111127067188919,
      "recall": 0.7919389978213508,
      "f1-score": 0.793927294688308,
      "support": 918.0
    }
  },
  "confusion_matrix": [
    [
      238,
      1,
      8,
      17,
      1
    ],
    [
      0,
      130,
      36,
      20,
      3
    ],
    [
      8,
      3,
      133,
      56,
      2
    ],
    [
      11,
      1,
      19,
      171,
      3
    ],
    [
      1,
      0,
      1,
      0,
      55
    ]
  ]
}