{
  "model": "ResNet50",
  "stage": "dcgan",
  "accuracy": 0.8998,
  "precision": 0.8991,
  "f1_score": 0.899,
  "classification_report": {
    "Blackheads": {
      "precision": 0.9222222222222223,
      "recall": 0.939622641509434,
      "f1-score": 0.930841121495327,
      "support": 265.0
    },
    "Cyst": {
      "precision": 0.8994974874371859,
      "recall": 0.9470899470899471,
      "f1-score": 0.9226804123711341,
      "support": 189.0
    },
    "Papules": {
      "precision": 0.8655913978494624,
      "recall": 0.7970297029702971,
      "f1-score": 0.8298969072164949,
      "support": 202.0
    },
    "Pustules": {
      "precision": 0.883495145631068,
      "recall": 0.8878048780487805,
      "f1-score": 0.8856447688564477,
      "support": 205.0
    },
    "Whiteheads": {
      "precision": 0.9649122807017544,
      "recall": 0.9649122807017544,
      "f1-score": 0.9649122807017544,
      "support": 57.0
    },
    "accuracy": 0.8997821350762527,
    "macro avg": {
      "precision": 0.9071437067683386,
      "recall": 0.9072918900640425,
      "f1-score": 0.9067950981282316,
      "support": 918.0
    },
    "weighted avg": {
      "precision": 0.8990848379460538,
      "recall": 0.8997821350762527,
      "f1-score": 0.8989715119909693,
      "support": 918.0
    }
  },
  "confusion_matrix": [
    [
      249,
      4,
      7,
      5,
      0
    ],
    [
      1,
      179,
      7,
      2,
      0
    ],
    [
      13,
      10,
      161,
      17,
      1
    ],
    [
      6,
      6,
      10,
      182,
      1
    ],
    [
      1,
      0,
      1,
      0,
      55
    ]
  ]
}